{
  "version": 2,
  "buildCommand": "npm run build",
  "outputDirectory": "dist",
  "framework": "vite",
  "rewrites": [
    {
      "source": "/(.*)",
      "destination": "/index.html"
    }
  ],
  "headers": [
    {
      "source": "/(.*)",
      "headers": [
        {
          "key": "X-Content-Type-Options",
          "value": "nosniff"
        },
        {
          "key": "X-Frame-Options",
          "value": "DENY"
        },
        {
          "key": "X-XSS-Protection",
          "value": "1; mode=block"
        },
        {
          "key": "Referrer-Policy",
          "value": "strict-origin-when-cross-origin"
        },
        {
          "key": "Permissions-Policy",
          "value": "geolocation=(), microphone=(), camera=()"
        }
      ]
    },
    {
      "source": "/sitemap.xml",
      "headers": [
        {
          "key": "Content-Type",
          "value": "application/xml"
        },
        {
          "key": "Cache-Control",
          "value": "public, max-age=3600, s-maxage=3600"
        }
      ]
    },
    {
      "source": "/robots.txt",
      "headers": [
        {
          "key": "Content-Type",
          "value": "text/plain"
        },
        {
          "key": "Cache-Control",
          "value": "public, max-age=3600, s-maxage=3600"
        }
      ]
    }
  ],
  "routes": [
    {
      "src": "/sitemap.xml",
      "dest": "/public/sitemap.xml"
    },
    {
      "src": "/robots.txt",
      "dest": "/public/robots.txt"
    }
  ]
}
